f,propostes,vots,comentaris
Ciutat Vella,976,9207,1191
Ciutat Vella---Bon govern,54,312,36
Ciutat Vella---Bon govern---Acció comunitària,25,75,16
Ciutat Vella---Bon govern---Acció comunitària---ciutadà,2,16,0
Ciutat Vella---Bon govern---Acció comunitària---trobada,11,3,13
Ciutat Vella---Bon govern---Acció comunitària---organització,12,56,3
Ciutat Vella---Bon govern---Administració intel·ligent i inclusiva,4,35,1
Ciutat Vella---Bon govern---Administració intel·ligent i inclusiva---ciutadà,1,1,1
Ciutat Vella---Bon govern---Administració intel·ligent i inclusiva---oficial,2,30,0
Ciutat Vella---Bon govern---Administració intel·ligent i inclusiva---organització,1,4,0
Ciutat Vella---Bon govern---Eficiència i professionalitat,1,4,0
Ciutat Vella---Bon govern---Eficiència i professionalitat---trobada,1,4,0
Ciutat Vella---Bon govern---Govern transparent i rendició de comptes,9,87,6
Ciutat Vella---Bon govern---Govern transparent i rendició de comptes---ciutadà,2,14,1
Ciutat Vella---Bon govern---Govern transparent i rendició de comptes---trobada,3,1,0
Ciutat Vella---Bon govern---Govern transparent i rendició de comptes---oficial,1,46,2
Ciutat Vella---Bon govern---Govern transparent i rendició de comptes---organització,3,26,3
Ciutat Vella---Bon govern---Participació ciutadana,15,111,13
Ciutat Vella---Bon govern---Participació ciutadana---ciutadà,2,0,2
Ciutat Vella---Bon govern---Participació ciutadana---trobada,2,0,1
Ciutat Vella---Bon govern---Participació ciutadana---oficial,3,50,2
Ciutat Vella---Bon govern---Participació ciutadana---organització,8,61,8
Ciutat Vella---Bon viure,440,3189,490
Ciutat Vella---Bon viure---Autonomia personal i reconeixement de les cures,27,146,26
Ciutat Vella---Bon viure---Autonomia personal i reconeixement de les cures---trobada,19,74,13
Ciutat Vella---Bon viure---Autonomia personal i reconeixement de les cures---oficial,3,33,9
Ciutat Vella---Bon viure---Autonomia personal i reconeixement de les cures---organització,5,39,4
Ciutat Vella---Bon viure---Cicles de vida,53,225,47
Ciutat Vella---Bon viure---Cicles de vida---ciutadà,6,9,4
Ciutat Vella---Bon viure---Cicles de vida---trobada,35,119,22
Ciutat Vella---Bon viure---Cicles de vida---oficial,5,74,18
Ciutat Vella---Bon viure---Cicles de vida---organització,7,23,3
Ciutat Vella---Bon viure---Convivència i seguretat,68,523,115
Ciutat Vella---Bon viure---Convivència i seguretat---ciutadà,23,327,59
Ciutat Vella---Bon viure---Convivència i seguretat---trobada,32,133,21
Ciutat Vella---Bon viure---Convivència i seguretat---oficial,3,26,35
Ciutat Vella---Bon viure---Convivència i seguretat---organització,10,37,0
Ciutat Vella---Bon viure---Cultura,53,538,60
Ciutat Vella---Bon viure---Cultura---ciutadà,10,323,22
Ciutat Vella---Bon viure---Cultura---trobada,31,40,5
Ciutat Vella---Bon viure---Cultura---oficial,5,116,26
Ciutat Vella---Bon viure---Cultura---organització,7,59,7
Ciutat Vella---Bon viure---Educació i coneixement,66,500,80
Ciutat Vella---Bon viure---Educació i coneixement---ciutadà,9,159,24
Ciutat Vella---Bon viure---Educació i coneixement---trobada,21,30,19
Ciutat Vella---Bon viure---Educació i coneixement---oficial,7,134,23
Ciutat Vella---Bon viure---Educació i coneixement---organització,29,177,14
Ciutat Vella---Bon viure---Equitat de gènere i diversitat sexual,27,120,18
Ciutat Vella---Bon viure---Equitat de gènere i diversitat sexual---ciutadà,1,4,0
Ciutat Vella---Bon viure---Equitat de gènere i diversitat sexual---trobada,23,78,2
Ciutat Vella---Bon viure---Equitat de gènere i diversitat sexual---oficial,3,38,16
Ciutat Vella---Bon viure---Esports,18,84,13
Ciutat Vella---Bon viure---Esports---ciutadà,2,12,0
Ciutat Vella---Bon viure---Esports---trobada,13,23,1
Ciutat Vella---Bon viure---Esports---oficial,1,15,2
Ciutat Vella---Bon viure---Esports---organització,2,34,10
Ciutat Vella---Bon viure---Habitatge,37,431,38
Ciutat Vella---Bon viure---Habitatge---ciutadà,1,3,1
Ciutat Vella---Bon viure---Habitatge---trobada,13,79,5
Ciutat Vella---Bon viure---Habitatge---oficial,7,188,29
Ciutat Vella---Bon viure---Habitatge---organització,16,161,3
Ciutat Vella---Bon viure---Justícia social,25,157,29
Ciutat Vella---Bon viure---Justícia social---trobada,13,2,18
Ciutat Vella---Bon viure---Justícia social---oficial,2,55,3
Ciutat Vella---Bon viure---Justícia social---organització,10,100,8
Ciutat Vella---Bon viure---Migració, interculturalitat i discriminació zero,22,136,17
Ciutat Vella---Bon viure---Migració, interculturalitat i discriminació zero---ciutadà,1,0,0
Ciutat Vella---Bon viure---Migració, interculturalitat i discriminació zero---trobada,12,15,0
Ciutat Vella---Bon viure---Migració, interculturalitat i discriminació zero---oficial,8,116,17
Ciutat Vella---Bon viure---Migració, interculturalitat i discriminació zero---organització,1,5,0
Ciutat Vella---Bon viure---Sanitat i salut,44,329,47
Ciutat Vella---Bon viure---Sanitat i salut---ciutadà,3,93,2
Ciutat Vella---Bon viure---Sanitat i salut---trobada,27,91,17
Ciutat Vella---Bon viure---Sanitat i salut---oficial,8,118,27
Ciutat Vella---Bon viure---Sanitat i salut---organització,6,27,1
Ciutat Vella---Economia plural,178,2255,245
Ciutat Vella---Economia plural---Desenvolupament i economia de proximitat,66,586,88
Ciutat Vella---Economia plural---Desenvolupament i economia de proximitat---ciutadà,9,246,6
Ciutat Vella---Economia plural---Desenvolupament i economia de proximitat---trobada,23,114,8
Ciutat Vella---Economia plural---Desenvolupament i economia de proximitat---oficial,6,77,67
Ciutat Vella---Economia plural---Desenvolupament i economia de proximitat---organització,28,149,7
Ciutat Vella---Economia plural---Economia cooperativa, social i solidària,15,184,13
Ciutat Vella---Economia plural---Economia cooperativa, social i solidària---ciutadà,1,58,0
Ciutat Vella---Economia plural---Economia cooperativa, social i solidària---trobada,7,16,0
Ciutat Vella---Economia plural---Economia cooperativa, social i solidària---oficial,4,76,13
Ciutat Vella---Economia plural---Economia cooperativa, social i solidària---organització,3,34,0
Ciutat Vella---Economia plural---Ocupació de qualitat,30,128,30
Ciutat Vella---Economia plural---Ocupació de qualitat---ciutadà,1,1,0
Ciutat Vella---Economia plural---Ocupació de qualitat---trobada,6,6,1
Ciutat Vella---Economia plural---Ocupació de qualitat---oficial,3,39,23
Ciutat Vella---Economia plural---Ocupació de qualitat---organització,20,82,6
Ciutat Vella---Economia plural---Turisme sostenible,63,1324,112
Ciutat Vella---Economia plural---Turisme sostenible---ciutadà,12,508,37
Ciutat Vella---Economia plural---Turisme sostenible---trobada,29,134,20
Ciutat Vella---Economia plural---Turisme sostenible---oficial,7,299,50
Ciutat Vella---Economia plural---Turisme sostenible---organització,15,383,5
Ciutat Vella---Economia plural---Un nou lideratge públic,4,33,2
Ciutat Vella---Economia plural---Un nou lideratge públic---trobada,1,0,0
Ciutat Vella---Economia plural---Un nou lideratge públic---oficial,2,29,2
Ciutat Vella---Economia plural---Un nou lideratge públic---organització,1,4,0
Ciutat Vella---Transició ecològica,304,3451,420
Ciutat Vella---Transició ecològica---Energia i canvi climàtic,20,265,13
Ciutat Vella---Transició ecològica---Energia i canvi climàtic---ciutadà,4,13,1
Ciutat Vella---Transició ecològica---Energia i canvi climàtic---trobada,3,7,0
Ciutat Vella---Transició ecològica---Energia i canvi climàtic---oficial,2,74,1
Ciutat Vella---Transició ecològica---Energia i canvi climàtic---organització,11,171,11
Ciutat Vella---Transició ecològica---Medi ambient i espai públic,131,1337,160
Ciutat Vella---Transició ecològica---Medi ambient i espai públic---ciutadà,22,291,27
Ciutat Vella---Transició ecològica---Medi ambient i espai públic---trobada,69,269,47
Ciutat Vella---Transició ecològica---Medi ambient i espai públic---oficial,9,352,70
Ciutat Vella---Transició ecològica---Medi ambient i espai públic---organització,31,425,16
Ciutat Vella---Transició ecològica---Mobilitat sostenible,75,822,144
Ciutat Vella---Transició ecològica---Mobilitat sostenible---ciutadà,21,241,56
Ciutat Vella---Transició ecològica---Mobilitat sostenible---trobada,32,124,46
Ciutat Vella---Transició ecològica---Mobilitat sostenible---oficial,4,308,25
Ciutat Vella---Transició ecològica---Mobilitat sostenible---organització,18,149,17
Ciutat Vella---Transició ecològica---Urbanisme per als barris,60,521,76
Ciutat Vella---Transició ecològica---Urbanisme per als barris---ciutadà,16,253,32
Ciutat Vella---Transició ecològica---Urbanisme per als barris---trobada,19,40,17
Ciutat Vella---Transició ecològica---Urbanisme per als barris---oficial,6,91,10
Ciutat Vella---Transició ecològica---Urbanisme per als barris---organització,19,137,17
Ciutat Vella---Transició ecològica---Verd urbà i biodiversitat,18,506,27
Ciutat Vella---Transició ecològica---Verd urbà i biodiversitat---ciutadà,7,417,20
Ciutat Vella---Transició ecològica---Verd urbà i biodiversitat---trobada,5,28,1
Ciutat Vella---Transició ecològica---Verd urbà i biodiversitat---oficial,1,28,1
Ciutat Vella---Transició ecològica---Verd urbà i biodiversitat---organització,5,33,5
Eixample,531,12504,1023
Eixample---Bon govern,43,420,34
Eixample---Bon govern---Acció comunitària,25,212,27
Eixample---Bon govern---Acció comunitària---ciutadà,2,19,3
Eixample---Bon govern---Acció comunitària---trobada,13,76,12
Eixample---Bon govern---Acció comunitària---oficial,3,42,5
Eixample---Bon govern---Acció comunitària---organització,7,75,7
Eixample---Bon govern---Administració intel·ligent i inclusiva,4,40,0
Eixample---Bon govern---Administració intel·ligent i inclusiva---trobada,1,3,0
Eixample---Bon govern---Administració intel·ligent i inclusiva---oficial,2,33,0
Eixample---Bon govern---Administració intel·ligent i inclusiva---organització,1,4,0
Eixample---Bon govern---Eficiència i professionalitat,1,11,0
Eixample---Bon govern---Eficiència i professionalitat---organització,1,11,0
Eixample---Bon govern---Govern transparent i rendició de comptes,4,54,7
Eixample---Bon govern---Govern transparent i rendició de comptes---organització,4,54,7
Eixample---Bon govern---Participació ciutadana,9,103,0
Eixample---Bon govern---Participació ciutadana---trobada,2,14,0
Eixample---Bon govern---Participació ciutadana---oficial,1,16,0
Eixample---Bon govern---Participació ciutadana---organització,6,73,0
Eixample---Bon viure,223,4070,373
Eixample---Bon viure---Autonomia personal i reconeixement de les cures,17,140,29
Eixample---Bon viure---Autonomia personal i reconeixement de les cures---trobada,10,29,6
Eixample---Bon viure---Autonomia personal i reconeixement de les cures---oficial,7,111,23
Eixample---Bon viure---Cicles de vida,47,569,51
Eixample---Bon viure---Cicles de vida---ciutadà,1,13,1
Eixample---Bon viure---Cicles de vida---trobada,24,234,30
Eixample---Bon viure---Cicles de vida---oficial,19,293,19
Eixample---Bon viure---Cicles de vida---organització,3,29,1
Eixample---Bon viure---Convivència i seguretat,17,227,29
Eixample---Bon viure---Convivència i seguretat---ciutadà,8,126,20
Eixample---Bon viure---Convivència i seguretat---trobada,3,32,3
Eixample---Bon viure---Convivència i seguretat---oficial,3,46,6
Eixample---Bon viure---Convivència i seguretat---organització,3,23,0
Eixample---Bon viure---Cultura,26,320,26
Eixample---Bon viure---Cultura---ciutadà,9,54,4
Eixample---Bon viure---Cultura---trobada,6,21,3
Eixample---Bon viure---Cultura---oficial,8,210,16
Eixample---Bon viure---Cultura---organització,3,35,3
Eixample---Bon viure---Defensa i protecció dels Drets Humans,1,7,0
Eixample---Bon viure---Defensa i protecció dels Drets Humans---trobada,1,7,0
Eixample---Bon viure---Educació i coneixement,37,1195,130
Eixample---Bon viure---Educació i coneixement---ciutadà,8,357,41
Eixample---Bon viure---Educació i coneixement---trobada,11,40,18
Eixample---Bon viure---Educació i coneixement---oficial,14,742,60
Eixample---Bon viure---Educació i coneixement---organització,4,56,11
Eixample---Bon viure---Equitat de gènere i diversitat sexual,17,288,12
Eixample---Bon viure---Equitat de gènere i diversitat sexual---trobada,10,148,2
Eixample---Bon viure---Equitat de gènere i diversitat sexual---oficial,7,140,10
Eixample---Bon viure---Esports,9,97,20
Eixample---Bon viure---Esports---ciutadà,3,19,0
Eixample---Bon viure---Esports---trobada,2,8,1
Eixample---Bon viure---Esports---oficial,2,39,8
Eixample---Bon viure---Esports---organització,2,31,11
Eixample---Bon viure---Habitatge,16,206,14
Eixample---Bon viure---Habitatge---ciutadà,3,58,6
Eixample---Bon viure---Habitatge---trobada,6,7,0
Eixample---Bon viure---Habitatge---oficial,4,95,8
Eixample---Bon viure---Habitatge---organització,3,46,0
Eixample---Bon viure---Justícia social,15,750,19
Eixample---Bon viure---Justícia social---trobada,4,11,5
Eixample---Bon viure---Justícia social---oficial,5,647,9
Eixample---Bon viure---Justícia social---organització,6,92,5
Eixample---Bon viure---Migració, interculturalitat i discriminació zero,3,25,0
Eixample---Bon viure---Migració, interculturalitat i discriminació zero---ciutadà,1,3,0
Eixample---Bon viure---Migració, interculturalitat i discriminació zero---trobada,1,2,0
Eixample---Bon viure---Migració, interculturalitat i discriminació zero---oficial,1,20,0
Eixample---Bon viure---Sanitat i salut,18,246,43
Eixample---Bon viure---Sanitat i salut---ciutadà,1,4,0
Eixample---Bon viure---Sanitat i salut---trobada,8,27,8
Eixample---Bon viure---Sanitat i salut---oficial,4,105,25
Eixample---Bon viure---Sanitat i salut---organització,5,110,10
Eixample---Economia plural,81,2120,130
Eixample---Economia plural---Desenvolupament i economia de proximitat,20,572,24
Eixample---Economia plural---Desenvolupament i economia de proximitat---trobada,5,6,2
Eixample---Economia plural---Desenvolupament i economia de proximitat---oficial,8,430,21
Eixample---Economia plural---Desenvolupament i economia de proximitat---organització,7,136,1
Eixample---Economia plural---Economia cooperativa, social i solidària,20,373,21
Eixample---Economia plural---Economia cooperativa, social i solidària---trobada,10,59,0
Eixample---Economia plural---Economia cooperativa, social i solidària---oficial,5,255,20
Eixample---Economia plural---Economia cooperativa, social i solidària---organització,5,59,1
Eixample---Economia plural---Ocupació de qualitat,1,16,0
Eixample---Economia plural---Ocupació de qualitat---oficial,1,16,0
Eixample---Economia plural---Turisme sostenible,39,1148,84
Eixample---Economia plural---Turisme sostenible---ciutadà,4,99,0
Eixample---Economia plural---Turisme sostenible---trobada,21,245,12
Eixample---Economia plural---Turisme sostenible---oficial,9,721,65
Eixample---Economia plural---Turisme sostenible---organització,5,83,7
Eixample---Economia plural---Un nou lideratge públic,1,11,1
Eixample---Economia plural---Un nou lideratge públic---oficial,1,11,1
Eixample---Justícia global,6,142,12
Eixample---Justícia global---Ciutat d’acollida,5,134,9
Eixample---Justícia global---Ciutat d’acollida---oficial,1,20,0
Eixample---Justícia global---Ciutat d’acollida---organització,4,114,9
Eixample---Justícia global---Justícia global,1,8,3
Eixample---Justícia global---Justícia global---organització,1,8,3
Eixample---Transició ecològica,178,5752,474
Eixample---Transició ecològica---Energia i canvi climàtic,9,261,4
Eixample---Transició ecològica---Energia i canvi climàtic---ciutadà,1,92,0
Eixample---Transició ecològica---Energia i canvi climàtic---trobada,1,2,0
Eixample---Transició ecològica---Energia i canvi climàtic---oficial,4,108,3
Eixample---Transició ecològica---Energia i canvi climàtic---organització,3,59,1
Eixample---Transició ecològica---Medi ambient i espai públic,30,725,54
Eixample---Transició ecològica---Medi ambient i espai públic---ciutadà,8,356,30
Eixample---Transició ecològica---Medi ambient i espai públic---trobada,11,64,3
Eixample---Transició ecològica---Medi ambient i espai públic---oficial,3,158,19
Eixample---Transició ecològica---Medi ambient i espai públic---organització,8,147,2
Eixample---Transició ecològica---Mobilitat sostenible,54,2258,213
Eixample---Transició ecològica---Mobilitat sostenible---ciutadà,24,725,38
Eixample---Transició ecològica---Mobilitat sostenible---trobada,16,119,5
Eixample---Transició ecològica---Mobilitat sostenible---oficial,4,826,135
Eixample---Transició ecològica---Mobilitat sostenible---organització,10,588,35
Eixample---Transició ecològica---Urbanisme per als barris,68,2127,181
Eixample---Transició ecològica---Urbanisme per als barris---ciutadà,32,1500,128
Eixample---Transició ecològica---Urbanisme per als barris---trobada,13,57,21
Eixample---Transició ecològica---Urbanisme per als barris---oficial,9,293,11
Eixample---Transició ecològica---Urbanisme per als barris---organització,14,277,21
Eixample---Transició ecològica---Verd urbà i biodiversitat,17,381,22
Eixample---Transició ecològica---Verd urbà i biodiversitat---ciutadà,10,252,10
Eixample---Transició ecològica---Verd urbà i biodiversitat---trobada,4,11,0
Eixample---Transició ecològica---Verd urbà i biodiversitat---organització,3,118,12
Gràcia,707,10279,1277
Gràcia---Bon govern,53,1101,81
Gràcia---Bon govern---Acció comunitària,29,763,49
Gràcia---Bon govern---Acció comunitària---ciutadà,1,309,13
Gràcia---Bon govern---Acció comunitària---trobada,12,54,7
Gràcia---Bon govern---Acció comunitària---oficial,4,67,5
Gràcia---Bon govern---Acció comunitària---organització,12,333,24
Gràcia---Bon govern---Administració intel·ligent i inclusiva,2,4,0
Gràcia---Bon govern---Administració intel·ligent i inclusiva---trobada,2,4,0
Gràcia---Bon govern---Eficiència i professionalitat,1,5,1
Gràcia---Bon govern---Eficiència i professionalitat---trobada,1,5,1
Gràcia---Bon govern---Govern transparent i rendició de comptes,3,22,2
Gràcia---Bon govern---Govern transparent i rendició de comptes---trobada,2,8,2
Gràcia---Bon govern---Govern transparent i rendició de comptes---oficial,1,14,0
Gràcia---Bon govern---Participació ciutadana,18,307,29
Gràcia---Bon govern---Participació ciutadana---ciutadà,1,143,6
Gràcia---Bon govern---Participació ciutadana---trobada,7,27,5
Gràcia---Bon govern---Participació ciutadana---oficial,4,102,13
Gràcia---Bon govern---Participació ciutadana---organització,6,35,5
Gràcia---Bon viure,219,3916,396
Gràcia---Bon viure---Autonomia personal i reconeixement de les cures,18,401,30
Gràcia---Bon viure---Autonomia personal i reconeixement de les cures---ciutadà,6,186,18
Gràcia---Bon viure---Autonomia personal i reconeixement de les cures---trobada,7,107,4
Gràcia---Bon viure---Autonomia personal i reconeixement de les cures---oficial,3,75,6
Gràcia---Bon viure---Autonomia personal i reconeixement de les cures---organització,2,33,2
Gràcia---Bon viure---Cicles de vida,29,503,41
Gràcia---Bon viure---Cicles de vida---ciutadà,1,0,0
Gràcia---Bon viure---Cicles de vida---trobada,13,109,6
Gràcia---Bon viure---Cicles de vida---oficial,9,244,11
Gràcia---Bon viure---Cicles de vida---organització,6,150,24
Gràcia---Bon viure---Convivència i seguretat,34,311,48
Gràcia---Bon viure---Convivència i seguretat---ciutadà,8,107,14
Gràcia---Bon viure---Convivència i seguretat---trobada,19,42,4
Gràcia---Bon viure---Convivència i seguretat---oficial,1,20,14
Gràcia---Bon viure---Convivència i seguretat---organització,6,142,16
Gràcia---Bon viure---Cultura,31,464,35
Gràcia---Bon viure---Cultura---ciutadà,3,48,0
Gràcia---Bon viure---Cultura---trobada,10,99,14
Gràcia---Bon viure---Cultura---oficial,6,136,9
Gràcia---Bon viure---Cultura---organització,12,181,12
Gràcia---Bon viure---Defensa i protecció dels Drets Humans,1,16,1
Gràcia---Bon viure---Defensa i protecció dels Drets Humans---ciutadà,1,16,1
Gràcia---Bon viure---Educació i coneixement,31,1248,181
Gràcia---Bon viure---Educació i coneixement---ciutadà,4,275,96
Gràcia---Bon viure---Educació i coneixement---trobada,10,69,13
Gràcia---Bon viure---Educació i coneixement---oficial,8,494,37
Gràcia---Bon viure---Educació i coneixement---organització,9,410,35
Gràcia---Bon viure---Equitat de gènere i diversitat sexual,6,132,2
Gràcia---Bon viure---Equitat de gènere i diversitat sexual---trobada,1,1,0
Gràcia---Bon viure---Equitat de gènere i diversitat sexual---oficial,4,104,0
Gràcia---Bon viure---Equitat de gènere i diversitat sexual---organització,1,27,2
Gràcia---Bon viure---Esports,10,123,10
Gràcia---Bon viure---Esports---ciutadà,4,62,3
Gràcia---Bon viure---Esports---trobada,2,6,2
Gràcia---Bon viure---Esports---oficial,4,55,5
Gràcia---Bon viure---Habitatge,18,150,16
Gràcia---Bon viure---Habitatge---ciutadà,4,72,9
Gràcia---Bon viure---Habitatge---trobada,11,5,0
Gràcia---Bon viure---Habitatge---oficial,1,33,6
Gràcia---Bon viure---Habitatge---organització,2,40,1
Gràcia---Bon viure---Justícia social,17,234,12
Gràcia---Bon viure---Justícia social---ciutadà,1,112,2
Gràcia---Bon viure---Justícia social---trobada,14,4,10
Gràcia---Bon viure---Justícia social---organització,2,118,0
Gràcia---Bon viure---Migració, interculturalitat i discriminació zero,1,0,1
Gràcia---Bon viure---Migració, interculturalitat i discriminació zero---ciutadà,1,0,1
Gràcia---Bon viure---Sanitat i salut,23,334,19
Gràcia---Bon viure---Sanitat i salut---trobada,15,183,3
Gràcia---Bon viure---Sanitat i salut---oficial,4,124,14
Gràcia---Bon viure---Sanitat i salut---organització,4,27,2
Gràcia---Economia plural,69,649,102
Gràcia---Economia plural---Desenvolupament i economia de proximitat,22,259,28
Gràcia---Economia plural---Desenvolupament i economia de proximitat---ciutadà,2,7,0
Gràcia---Economia plural---Desenvolupament i economia de proximitat---trobada,5,24,0
Gràcia---Economia plural---Desenvolupament i economia de proximitat---oficial,6,148,24
Gràcia---Economia plural---Desenvolupament i economia de proximitat---organització,9,80,4
Gràcia---Economia plural---Economia cooperativa, social i solidària,19,227,41
Gràcia---Economia plural---Economia cooperativa, social i solidària---ciutadà,1,3,0
Gràcia---Economia plural---Economia cooperativa, social i solidària---trobada,10,31,0
Gràcia---Economia plural---Economia cooperativa, social i solidària---oficial,4,161,39
Gràcia---Economia plural---Economia cooperativa, social i solidària---organització,4,32,2
Gràcia---Economia plural---Ocupació de qualitat,4,33,2
Gràcia---Economia plural---Ocupació de qualitat---ciutadà,1,0,0
Gràcia---Economia plural---Ocupació de qualitat---trobada,1,0,0
Gràcia---Economia plural---Ocupació de qualitat---oficial,2,33,2
Gràcia---Economia plural---Turisme sostenible,23,129,31
Gràcia---Economia plural---Turisme sostenible---ciutadà,1,3,1
Gràcia---Economia plural---Turisme sostenible---trobada,19,39,9
Gràcia---Economia plural---Turisme sostenible---oficial,2,67,21
Gràcia---Economia plural---Turisme sostenible---organització,1,20,0
Gràcia---Economia plural---Un nou lideratge públic,1,1,0
Gràcia---Economia plural---Un nou lideratge públic---organització,1,1,0
Gràcia---Transició ecològica,366,4613,698
Gràcia---Transició ecològica---Energia i canvi climàtic,10,112,11
Gràcia---Transició ecològica---Energia i canvi climàtic---ciutadà,3,22,0
Gràcia---Transició ecològica---Energia i canvi climàtic---trobada,2,9,5
Gràcia---Transició ecològica---Energia i canvi climàtic---oficial,1,32,1
Gràcia---Transició ecològica---Energia i canvi climàtic---organització,4,49,5
Gràcia---Transició ecològica---Medi ambient i espai públic,61,466,77
Gràcia---Transició ecològica---Medi ambient i espai públic---ciutadà,11,48,20
Gràcia---Transició ecològica---Medi ambient i espai públic---trobada,34,108,21
Gràcia---Transició ecològica---Medi ambient i espai públic---oficial,6,196,20
Gràcia---Transició ecològica---Medi ambient i espai públic---organització,10,114,16
Gràcia---Transició ecològica---Mobilitat sostenible,81,1322,199
Gràcia---Transició ecològica---Mobilitat sostenible---ciutadà,33,643,104
Gràcia---Transició ecològica---Mobilitat sostenible---trobada,32,232,42
Gràcia---Transició ecològica---Mobilitat sostenible---oficial,5,321,27
Gràcia---Transició ecològica---Mobilitat sostenible---organització,11,126,26
Gràcia---Transició ecològica---Urbanisme per als barris,188,1509,345
Gràcia---Transició ecològica---Urbanisme per als barris---ciutadà,50,739,122
Gràcia---Transició ecològica---Urbanisme per als barris---trobada,100,324,116
Gràcia---Transició ecològica---Urbanisme per als barris---oficial,7,171,9
Gràcia---Transició ecològica---Urbanisme per als barris---organització,31,275,98
Gràcia---Transició ecològica---Verd urbà i biodiversitat,26,1204,66
Gràcia---Transició ecològica---Verd urbà i biodiversitat---ciutadà,14,996,46
Gràcia---Transició ecològica---Verd urbà i biodiversitat---trobada,6,32,4
Gràcia---Transició ecològica---Verd urbà i biodiversitat---oficial,1,41,2
Gràcia---Transició ecològica---Verd urbà i biodiversitat---organització,5,135,14
Horta-Guinardó,611,13623,1046
Horta-Guinardó---Bon govern,39,682,39
Horta-Guinardó---Bon govern---Acció comunitària,20,443,16
Horta-Guinardó---Bon govern---Acció comunitària---ciutadà,3,88,3
Horta-Guinardó---Bon govern---Acció comunitària---trobada,6,26,4
Horta-Guinardó---Bon govern---Acció comunitària---oficial,8,250,7
Horta-Guinardó---Bon govern---Acció comunitària---organització,3,79,2
Horta-Guinardó---Bon govern---Administració intel·ligent i inclusiva,3,19,3
Horta-Guinardó---Bon govern---Administració intel·ligent i inclusiva---trobada,2,4,2
Horta-Guinardó---Bon govern---Administració intel·ligent i inclusiva---oficial,1,15,1
Horta-Guinardó---Bon govern---Eficiència i professionalitat,1,9,0
Horta-Guinardó---Bon govern---Eficiència i professionalitat---oficial,1,9,0
Horta-Guinardó---Bon govern---Govern transparent i rendició de comptes,6,75,5
Horta-Guinardó---Bon govern---Govern transparent i rendició de comptes---ciutadà,2,42,4
Horta-Guinardó---Bon govern---Govern transparent i rendició de comptes---trobada,2,1,1
Horta-Guinardó---Bon govern---Govern transparent i rendició de comptes---oficial,1,26,0
Horta-Guinardó---Bon govern---Govern transparent i rendició de comptes---organització,1,6,0
Horta-Guinardó---Bon govern---Participació ciutadana,9,136,15
Horta-Guinardó---Bon govern---Participació ciutadana---ciutadà,3,40,6
Horta-Guinardó---Bon govern---Participació ciutadana---trobada,4,1,4
Horta-Guinardó---Bon govern---Participació ciutadana---oficial,2,95,5
Horta-Guinardó---Bon viure,197,5313,349
Horta-Guinardó---Bon viure---Autonomia personal i reconeixement de les cures,22,278,34
Horta-Guinardó---Bon viure---Autonomia personal i reconeixement de les cures---ciutadà,16,137,28
Horta-Guinardó---Bon viure---Autonomia personal i reconeixement de les cures---trobada,3,53,2
Horta-Guinardó---Bon viure---Autonomia personal i reconeixement de les cures---oficial,1,37,3
Horta-Guinardó---Bon viure---Autonomia personal i reconeixement de les cures---organització,2,51,1
Horta-Guinardó---Bon viure---Cicles de vida,14,164,8
Horta-Guinardó---Bon viure---Cicles de vida---ciutadà,3,48,4
Horta-Guinardó---Bon viure---Cicles de vida---trobada,6,10,2
Horta-Guinardó---Bon viure---Cicles de vida---oficial,5,106,2
Horta-Guinardó---Bon viure---Convivència i seguretat,37,1088,92
Horta-Guinardó---Bon viure---Convivència i seguretat---ciutadà,22,726,69
Horta-Guinardó---Bon viure---Convivència i seguretat---trobada,8,35,3
Horta-Guinardó---Bon viure---Convivència i seguretat---oficial,2,130,12
Horta-Guinardó---Bon viure---Convivència i seguretat---organització,5,197,8
Horta-Guinardó---Bon viure---Cultura,37,1352,66
Horta-Guinardó---Bon viure---Cultura---ciutadà,11,1053,46
Horta-Guinardó---Bon viure---Cultura---trobada,19,75,6
Horta-Guinardó---Bon viure---Cultura---oficial,2,121,13
Horta-Guinardó---Bon viure---Cultura---organització,5,103,1
Horta-Guinardó---Bon viure---Educació i coneixement,15,1254,32
Horta-Guinardó---Bon viure---Educació i coneixement---ciutadà,5,629,23
Horta-Guinardó---Bon viure---Educació i coneixement---oficial,5,436,5
Horta-Guinardó---Bon viure---Educació i coneixement---organització,5,189,4
Horta-Guinardó---Bon viure---Equitat de gènere i diversitat sexual,4,72,3
Horta-Guinardó---Bon viure---Equitat de gènere i diversitat sexual---trobada,2,14,0
Horta-Guinardó---Bon viure---Equitat de gènere i diversitat sexual---oficial,2,58,3
Horta-Guinardó---Bon viure---Esports,20,471,44
Horta-Guinardó---Bon viure---Esports---ciutadà,9,113,7
Horta-Guinardó---Bon viure---Esports---trobada,5,2,0
Horta-Guinardó---Bon viure---Esports---oficial,5,342,37
Horta-Guinardó---Bon viure---Esports---organització,1,14,0
Horta-Guinardó---Bon viure---Habitatge,15,103,15
Horta-Guinardó---Bon viure---Habitatge---ciutadà,5,39,3
Horta-Guinardó---Bon viure---Habitatge---trobada,7,4,0
Horta-Guinardó---Bon viure---Habitatge---oficial,3,60,12
Horta-Guinardó---Bon viure---Justícia social,4,77,4
Horta-Guinardó---Bon viure---Justícia social---ciutadà,2,18,1
Horta-Guinardó---Bon viure---Justícia social---trobada,1,0,0
Horta-Guinardó---Bon viure---Justícia social---oficial,1,59,3
Horta-Guinardó---Bon viure---Sanitat i salut,29,454,51
Horta-Guinardó---Bon viure---Sanitat i salut---ciutadà,4,84,1
Horta-Guinardó---Bon viure---Sanitat i salut---trobada,17,179,2
Horta-Guinardó---Bon viure---Sanitat i salut---oficial,4,118,47
Horta-Guinardó---Bon viure---Sanitat i salut---organització,4,73,1
Horta-Guinardó---Economia plural,49,596,60
Horta-Guinardó---Economia plural---Desenvolupament i economia de proximitat,27,285,25
Horta-Guinardó---Economia plural---Desenvolupament i economia de proximitat---ciutadà,5,115,4
Horta-Guinardó---Economia plural---Desenvolupament i economia de proximitat---trobada,17,55,0
Horta-Guinardó---Economia plural---Desenvolupament i economia de proximitat---oficial,5,115,21
Horta-Guinardó---Economia plural---Economia cooperativa, social i solidària,8,95,5
Horta-Guinardó---Economia plural---Economia cooperativa, social i solidària---trobada,3,0,0
Horta-Guinardó---Economia plural---Economia cooperativa, social i solidària---oficial,2,51,4
Horta-Guinardó---Economia plural---Economia cooperativa, social i solidària---organització,3,44,1
Horta-Guinardó---Economia plural---Ocupació de qualitat,3,64,5
Horta-Guinardó---Economia plural---Ocupació de qualitat---oficial,2,55,5
Horta-Guinardó---Economia plural---Ocupació de qualitat---organització,1,9,0
Horta-Guinardó---Economia plural---Turisme sostenible,10,126,22
Horta-Guinardó---Economia plural---Turisme sostenible---ciutadà,2,20,4
Horta-Guinardó---Economia plural---Turisme sostenible---trobada,6,34,5
Horta-Guinardó---Economia plural---Turisme sostenible---oficial,2,72,13
Horta-Guinardó---Economia plural---Un nou lideratge públic,1,26,3
Horta-Guinardó---Economia plural---Un nou lideratge públic---oficial,1,26,3
Horta-Guinardó---Justícia global,2,29,0
Horta-Guinardó---Justícia global---Justícia global,2,29,0
Horta-Guinardó---Justícia global---Justícia global---oficial,2,29,0
Horta-Guinardó---Transició ecològica,324,7003,598
Horta-Guinardó---Transició ecològica---Energia i canvi climàtic,7,135,9
Horta-Guinardó---Transició ecològica---Energia i canvi climàtic---ciutadà,2,30,5
Horta-Guinardó---Transició ecològica---Energia i canvi climàtic---trobada,2,16,1
Horta-Guinardó---Transició ecològica---Energia i canvi climàtic---organització,3,89,3
Horta-Guinardó---Transició ecològica---Habitatge,1,2,1
Horta-Guinardó---Transició ecològica---Habitatge---trobada,1,2,1
Horta-Guinardó---Transició ecològica---Medi ambient i espai públic,54,1172,116
Horta-Guinardó---Transició ecològica---Medi ambient i espai públic---ciutadà,20,291,29
Horta-Guinardó---Transició ecològica---Medi ambient i espai públic---trobada,13,36,2
Horta-Guinardó---Transició ecològica---Medi ambient i espai públic---oficial,15,636,79
Horta-Guinardó---Transició ecològica---Medi ambient i espai públic---organització,6,209,6
Horta-Guinardó---Transició ecològica---Mobilitat sostenible,109,2725,207
Horta-Guinardó---Transició ecològica---Mobilitat sostenible---ciutadà,50,1270,83
Horta-Guinardó---Transició ecològica---Mobilitat sostenible---trobada,22,114,19
Horta-Guinardó---Transició ecològica---Mobilitat sostenible---oficial,8,475,77
Horta-Guinardó---Transició ecològica---Mobilitat sostenible---organització,29,866,28
Horta-Guinardó---Transició ecològica---Urbanisme per als barris,120,2309,220
Horta-Guinardó---Transició ecològica---Urbanisme per als barris---ciutadà,51,1052,112
Horta-Guinardó---Transició ecològica---Urbanisme per als barris---trobada,32,105,45
Horta-Guinardó---Transició ecològica---Urbanisme per als barris---oficial,12,503,35
Horta-Guinardó---Transició ecològica---Urbanisme per als barris---organització,25,649,28
Horta-Guinardó---Transició ecològica---Verd urbà i biodiversitat,33,660,45
Horta-Guinardó---Transició ecològica---Verd urbà i biodiversitat---ciutadà,14,216,4
Horta-Guinardó---Transició ecològica---Verd urbà i biodiversitat---trobada,10,124,7
Horta-Guinardó---Transició ecològica---Verd urbà i biodiversitat---oficial,6,245,30
Horta-Guinardó---Transició ecològica---Verd urbà i biodiversitat---organització,3,75,4
Les Corts,580,3932,579
Les Corts---Bon govern,52,291,38
Les Corts---Bon govern---Acció comunitària,23,171,20
Les Corts---Bon govern---Acció comunitària---trobada,12,9,5
Les Corts---Bon govern---Acció comunitària---organització,11,162,15
Les Corts---Bon govern---Administració intel·ligent i inclusiva,4,12,1
Les Corts---Bon govern---Administració intel·ligent i inclusiva---trobada,3,5,0
Les Corts---Bon govern---Administració intel·ligent i inclusiva---oficial,1,7,1
Les Corts---Bon govern---Govern transparent i rendició de comptes,6,39,3
Les Corts---Bon govern---Govern transparent i rendició de comptes---ciutadà,2,2,1
Les Corts---Bon govern---Govern transparent i rendició de comptes---trobada,1,2,1
Les Corts---Bon govern---Govern transparent i rendició de comptes---oficial,2,32,0
Les Corts---Bon govern---Govern transparent i rendició de comptes---organització,1,3,1
Les Corts---Bon govern---Participació ciutadana,19,69,14
Les Corts---Bon govern---Participació ciutadana---trobada,12,11,10
Les Corts---Bon govern---Participació ciutadana---oficial,2,17,0
Les Corts---Bon govern---Participació ciutadana---organització,5,41,4
Les Corts---Bon viure,277,2028,245
Les Corts---Bon viure---Autonomia personal i reconeixement de les cures,23,462,34
Les Corts---Bon viure---Autonomia personal i reconeixement de les cures---ciutadà,2,2,2
Les Corts---Bon viure---Autonomia personal i reconeixement de les cures---trobada,11,12,8
Les Corts---Bon viure---Autonomia personal i reconeixement de les cures---oficial,6,377,17
Les Corts---Bon viure---Autonomia personal i reconeixement de les cures---organització,4,71,7
Les Corts---Bon viure---Cicles de vida,26,348,38
Les Corts---Bon viure---Cicles de vida---ciutadà,1,1,0
Les Corts---Bon viure---Cicles de vida---trobada,11,18,5
Les Corts---Bon viure---Cicles de vida---oficial,8,219,26
Les Corts---Bon viure---Cicles de vida---organització,6,110,7
Les Corts---Bon viure---Convivència i seguretat,53,291,50
Les Corts---Bon viure---Convivència i seguretat---ciutadà,18,89,17
Les Corts---Bon viure---Convivència i seguretat---trobada,25,130,19
Les Corts---Bon viure---Convivència i seguretat---oficial,2,15,9
Les Corts---Bon viure---Convivència i seguretat---organització,8,57,5
Les Corts---Bon viure---Cultura,59,249,42
Les Corts---Bon viure---Cultura---ciutadà,2,8,0
Les Corts---Bon viure---Cultura---trobada,47,116,16
Les Corts---Bon viure---Cultura---oficial,7,56,26
Les Corts---Bon viure---Cultura---organització,3,69,0
Les Corts---Bon viure---Educació i coneixement,47,382,40
Les Corts---Bon viure---Educació i coneixement---ciutadà,10,103,14
Les Corts---Bon viure---Educació i coneixement---trobada,22,17,18
Les Corts---Bon viure---Educació i coneixement---oficial,6,84,0
Les Corts---Bon viure---Educació i coneixement---organització,9,178,8
Les Corts---Bon viure---Equitat de gènere i diversitat sexual,6,85,3
Les Corts---Bon viure---Equitat de gènere i diversitat sexual---trobada,2,1,0
Les Corts---Bon viure---Equitat de gènere i diversitat sexual---oficial,4,84,3
Les Corts---Bon viure---Esports,20,64,20
Les Corts---Bon viure---Esports---ciutadà,8,16,2
Les Corts---Bon viure---Esports---trobada,5,10,0
Les Corts---Bon viure---Esports---oficial,4,27,18
Les Corts---Bon viure---Esports---organització,3,11,0
Les Corts---Bon viure---Habitatge,2,13,0
Les Corts---Bon viure---Habitatge---trobada,2,13,0
Les Corts---Bon viure---Justícia social,9,46,2
Les Corts---Bon viure---Justícia social---ciutadà,3,11,0
Les Corts---Bon viure---Justícia social---trobada,4,14,0
Les Corts---Bon viure---Justícia social---oficial,2,21,2
Les Corts---Bon viure---Migració, interculturalitat i discriminació zero,1,1,0
Les Corts---Bon viure---Migració, interculturalitat i discriminació zero---ciutadà,1,1,0
Les Corts---Bon viure---Sanitat i salut,31,87,16
Les Corts---Bon viure---Sanitat i salut---ciutadà,2,0,2
Les Corts---Bon viure---Sanitat i salut---trobada,26,63,11
Les Corts---Bon viure---Sanitat i salut---oficial,2,20,0
Les Corts---Bon viure---Sanitat i salut---organització,1,4,3
Les Corts---Economia plural,23,136,5
Les Corts---Economia plural---Desenvolupament i economia de proximitat,9,65,2
Les Corts---Economia plural---Desenvolupament i economia de proximitat---ciutadà,1,9,0
Les Corts---Economia plural---Desenvolupament i economia de proximitat---trobada,2,3,0
Les Corts---Economia plural---Desenvolupament i economia de proximitat---oficial,5,31,2
Les Corts---Economia plural---Desenvolupament i economia de proximitat---organització,1,22,0
Les Corts---Economia plural---Economia cooperativa, social i solidària,5,22,0
Les Corts---Economia plural---Economia cooperativa, social i solidària---trobada,5,22,0
Les Corts---Economia plural---Ocupació de qualitat,3,22,0
Les Corts---Economia plural---Ocupació de qualitat---trobada,1,0,0
Les Corts---Economia plural---Ocupació de qualitat---oficial,1,12,0
Les Corts---Economia plural---Ocupació de qualitat---organització,1,10,0
Les Corts---Economia plural---Turisme sostenible,5,27,3
Les Corts---Economia plural---Turisme sostenible---trobada,2,13,0
Les Corts---Economia plural---Turisme sostenible---oficial,3,14,3
Les Corts---Economia plural---Un nou lideratge públic,1,0,0
Les Corts---Economia plural---Un nou lideratge públic---trobada,1,0,0
Les Corts---Transició ecològica,228,1477,291
Les Corts---Transició ecològica---Energia i canvi climàtic,6,67,9
Les Corts---Transició ecològica---Energia i canvi climàtic---ciutadà,2,2,2
Les Corts---Transició ecològica---Energia i canvi climàtic---trobada,1,9,0
Les Corts---Transició ecològica---Energia i canvi climàtic---oficial,1,28,1
Les Corts---Transició ecològica---Energia i canvi climàtic---organització,2,28,6
Les Corts---Transició ecològica---Medi ambient i espai públic,42,136,39
Les Corts---Transició ecològica---Medi ambient i espai públic---ciutadà,11,25,10
Les Corts---Transició ecològica---Medi ambient i espai públic---trobada,23,49,10
Les Corts---Transició ecològica---Medi ambient i espai públic---oficial,2,17,4
Les Corts---Transició ecològica---Medi ambient i espai públic---organització,6,45,15
Les Corts---Transició ecològica---Mobilitat sostenible,77,614,112
Les Corts---Transició ecològica---Mobilitat sostenible---ciutadà,26,86,38
Les Corts---Transició ecològica---Mobilitat sostenible---trobada,27,44,28
Les Corts---Transició ecològica---Mobilitat sostenible---oficial,7,286,28
Les Corts---Transició ecològica---Mobilitat sostenible---organització,17,198,18
Les Corts---Transició ecològica---Urbanisme per als barris,84,405,103
Les Corts---Transició ecològica---Urbanisme per als barris---ciutadà,19,144,26
Les Corts---Transició ecològica---Urbanisme per als barris---trobada,32,34,35
Les Corts---Transició ecològica---Urbanisme per als barris---oficial,12,119,16
Les Corts---Transició ecològica---Urbanisme per als barris---organització,21,108,26
Les Corts---Transició ecològica---Verd urbà i biodiversitat,19,255,28
Les Corts---Transició ecològica---Verd urbà i biodiversitat---ciutadà,5,45,7
Les Corts---Transició ecològica---Verd urbà i biodiversitat---trobada,7,16,11
Les Corts---Transició ecològica---Verd urbà i biodiversitat---oficial,3,146,9
Les Corts---Transició ecològica---Verd urbà i biodiversitat---organització,4,48,1
Nou Barris,444,6014,463
Nou Barris---Bon govern,18,233,18
Nou Barris---Bon govern---Acció comunitària,12,101,13
Nou Barris---Bon govern---Acció comunitària---ciutadà,3,21,3
Nou Barris---Bon govern---Acció comunitària---trobada,3,0,0
Nou Barris---Bon govern---Acció comunitària---oficial,4,62,8
Nou Barris---Bon govern---Acció comunitària---organització,2,18,2
Nou Barris---Bon govern---Eficiència i professionalitat,2,3,1
Nou Barris---Bon govern---Eficiència i professionalitat---trobada,2,3,1
Nou Barris---Bon govern---Govern transparent i rendició de comptes,1,78,1
Nou Barris---Bon govern---Govern transparent i rendició de comptes---oficial,1,78,1
Nou Barris---Bon govern---Participació ciutadana,3,51,3
Nou Barris---Bon govern---Participació ciutadana---trobada,2,1,0
Nou Barris---Bon govern---Participació ciutadana---oficial,1,50,3
Nou Barris---Bon viure,201,2939,201
Nou Barris---Bon viure---Autonomia personal i reconeixement de les cures,12,212,19
Nou Barris---Bon viure---Autonomia personal i reconeixement de les cures---ciutadà,5,72,5
Nou Barris---Bon viure---Autonomia personal i reconeixement de les cures---trobada,4,14,3
Nou Barris---Bon viure---Autonomia personal i reconeixement de les cures---oficial,2,111,11
Nou Barris---Bon viure---Autonomia personal i reconeixement de les cures---organització,1,15,0
Nou Barris---Bon viure---Cicles de vida,28,450,19
Nou Barris---Bon viure---Cicles de vida---ciutadà,5,200,8
Nou Barris---Bon viure---Cicles de vida---trobada,11,32,2
Nou Barris---Bon viure---Cicles de vida---oficial,8,139,2
Nou Barris---Bon viure---Cicles de vida---organització,4,79,7
Nou Barris---Bon viure---Convivència i seguretat,12,133,15
Nou Barris---Bon viure---Convivència i seguretat---ciutadà,4,71,5
Nou Barris---Bon viure---Convivència i seguretat---trobada,4,3,1
Nou Barris---Bon viure---Convivència i seguretat---oficial,1,16,6
Nou Barris---Bon viure---Convivència i seguretat---organització,3,43,3
Nou Barris---Bon viure---Cultura,19,175,14
Nou Barris---Bon viure---Cultura---ciutadà,3,31,1
Nou Barris---Bon viure---Cultura---trobada,11,30,0
Nou Barris---Bon viure---Cultura---oficial,4,81,11
Nou Barris---Bon viure---Cultura---organització,1,33,2
Nou Barris---Bon viure---Educació i coneixement,57,558,47
Nou Barris---Bon viure---Educació i coneixement---ciutadà,6,71,5
Nou Barris---Bon viure---Educació i coneixement---trobada,35,230,33
Nou Barris---Bon viure---Educació i coneixement---oficial,3,127,4
Nou Barris---Bon viure---Educació i coneixement---organització,13,130,5
Nou Barris---Bon viure---Equitat de gènere i diversitat sexual,15,240,12
Nou Barris---Bon viure---Equitat de gènere i diversitat sexual---trobada,10,1,0
Nou Barris---Bon viure---Equitat de gènere i diversitat sexual---oficial,4,230,12
Nou Barris---Bon viure---Equitat de gènere i diversitat sexual---organització,1,9,0
Nou Barris---Bon viure---Esports,17,265,32
Nou Barris---Bon viure---Esports---ciutadà,6,149,23
Nou Barris---Bon viure---Esports---trobada,1,7,1
Nou Barris---Bon viure---Esports---oficial,5,53,7
Nou Barris---Bon viure---Esports---organització,5,56,1
Nou Barris---Bon viure---Habitatge,8,144,9
Nou Barris---Bon viure---Habitatge---ciutadà,2,20,1
Nou Barris---Bon viure---Habitatge---trobada,2,2,0
Nou Barris---Bon viure---Habitatge---oficial,4,122,8
Nou Barris---Bon viure---Justícia social,12,658,12
Nou Barris---Bon viure---Justícia social---ciutadà,2,37,1
Nou Barris---Bon viure---Justícia social---trobada,2,10,2
Nou Barris---Bon viure---Justícia social---oficial,5,588,8
Nou Barris---Bon viure---Justícia social---organització,3,23,1
Nou Barris---Bon viure---Migració, interculturalitat i discriminació zero,1,12,0
Nou Barris---Bon viure---Migració, interculturalitat i discriminació zero---ciutadà,1,12,0
Nou Barris---Bon viure---Sanitat i salut,20,92,22
Nou Barris---Bon viure---Sanitat i salut---ciutadà,5,19,2
Nou Barris---Bon viure---Sanitat i salut---trobada,13,57,13
Nou Barris---Bon viure---Sanitat i salut---oficial,2,16,7
Nou Barris---Economia plural,42,393,30
Nou Barris---Economia plural---Desenvolupament i economia de proximitat,7,68,9
Nou Barris---Economia plural---Desenvolupament i economia de proximitat---ciutadà,2,20,5
Nou Barris---Economia plural---Desenvolupament i economia de proximitat---trobada,2,6,0
Nou Barris---Economia plural---Desenvolupament i economia de proximitat---oficial,2,20,4
Nou Barris---Economia plural---Desenvolupament i economia de proximitat---organització,1,22,0
Nou Barris---Economia plural---Economia cooperativa, social i solidària,21,191,15
Nou Barris---Economia plural---Economia cooperativa, social i solidària---trobada,17,31,1
Nou Barris---Economia plural---Economia cooperativa, social i solidària---oficial,3,111,14
Nou Barris---Economia plural---Economia cooperativa, social i solidària---organització,1,49,0
Nou Barris---Economia plural---Ocupació de qualitat,6,53,4
Nou Barris---Economia plural---Ocupació de qualitat---ciutadà,2,22,0
Nou Barris---Economia plural---Ocupació de qualitat---trobada,2,6,0
Nou Barris---Economia plural---Ocupació de qualitat---oficial,2,25,4
Nou Barris---Economia plural---Turisme sostenible,5,39,2
Nou Barris---Economia plural---Turisme sostenible---ciutadà,1,8,0
Nou Barris---Economia plural---Turisme sostenible---trobada,1,3,0
Nou Barris---Economia plural---Turisme sostenible---oficial,2,25,1
Nou Barris---Economia plural---Turisme sostenible---organització,1,3,1
Nou Barris---Economia plural---Un nou lideratge públic,3,42,0
Nou Barris---Economia plural---Un nou lideratge públic---ciutadà,2,42,0
Nou Barris---Economia plural---Un nou lideratge públic---trobada,1,0,0
Nou Barris---Transició ecològica,183,2449,214
Nou Barris---Transició ecològica---Energia i canvi climàtic,6,370,6
Nou Barris---Transició ecològica---Energia i canvi climàtic---trobada,1,2,0
Nou Barris---Transició ecològica---Energia i canvi climàtic---oficial,3,306,6
Nou Barris---Transició ecològica---Energia i canvi climàtic---organització,2,62,0
Nou Barris---Transició ecològica---Medi ambient i espai públic,17,213,26
Nou Barris---Transició ecològica---Medi ambient i espai públic---ciutadà,11,146,10
Nou Barris---Transició ecològica---Medi ambient i espai públic---trobada,2,0,0
Nou Barris---Transició ecològica---Medi ambient i espai públic---oficial,3,38,14
Nou Barris---Transició ecològica---Medi ambient i espai públic---organització,1,29,2
Nou Barris---Transició ecològica---Mobilitat sostenible,45,625,64
Nou Barris---Transició ecològica---Mobilitat sostenible---ciutadà,23,367,32
Nou Barris---Transició ecològica---Mobilitat sostenible---trobada,11,13,4
Nou Barris---Transició ecològica---Mobilitat sostenible---oficial,4,145,25
Nou Barris---Transició ecològica---Mobilitat sostenible---organització,7,100,3
Nou Barris---Transició ecològica---Urbanisme per als barris,89,739,91
Nou Barris---Transició ecològica---Urbanisme per als barris---ciutadà,23,236,29
Nou Barris---Transició ecològica---Urbanisme per als barris---trobada,9,12,1
Nou Barris---Transició ecològica---Urbanisme per als barris---oficial,18,189,12
Nou Barris---Transició ecològica---Urbanisme per als barris---organització,39,302,49
Nou Barris---Transició ecològica---Verd urbà i biodiversitat,26,502,27
Nou Barris---Transició ecològica---Verd urbà i biodiversitat---ciutadà,5,224,5
Nou Barris---Transició ecològica---Verd urbà i biodiversitat---trobada,11,7,0
Nou Barris---Transició ecològica---Verd urbà i biodiversitat---oficial,6,208,21
Nou Barris---Transició ecològica---Verd urbà i biodiversitat---organització,4,63,1
Sant Andreu,514,7507,755
Sant Andreu---Bon govern,33,212,35
Sant Andreu---Bon govern---Acció comunitària,28,157,35
Sant Andreu---Bon govern---Acció comunitària---ciutadà,9,69,18
Sant Andreu---Bon govern---Acció comunitària---trobada,15,24,15
Sant Andreu---Bon govern---Acció comunitària---oficial,3,42,1
Sant Andreu---Bon govern---Acció comunitària---organització,1,22,1
Sant Andreu---Bon govern---Govern transparent i rendició de comptes,1,20,0
Sant Andreu---Bon govern---Govern transparent i rendició de comptes---oficial,1,20,0
Sant Andreu---Bon govern---Participació ciutadana,4,35,0
Sant Andreu---Bon govern---Participació ciutadana---ciutadà,1,6,0
Sant Andreu---Bon govern---Participació ciutadana---oficial,2,22,0
Sant Andreu---Bon govern---Participació ciutadana---organització,1,7,0
Sant Andreu---Bon viure,247,4545,436
Sant Andreu---Bon viure---Autonomia personal i reconeixement de les cures,31,445,38
Sant Andreu---Bon viure---Autonomia personal i reconeixement de les cures---ciutadà,3,105,5
Sant Andreu---Bon viure---Autonomia personal i reconeixement de les cures---trobada,24,289,7
Sant Andreu---Bon viure---Autonomia personal i reconeixement de les cures---oficial,3,48,26
Sant Andreu---Bon viure---Autonomia personal i reconeixement de les cures---organització,1,3,0
Sant Andreu---Bon viure---Cicles de vida,22,209,11
Sant Andreu---Bon viure---Cicles de vida---ciutadà,4,45,3
Sant Andreu---Bon viure---Cicles de vida---trobada,9,19,2
Sant Andreu---Bon viure---Cicles de vida---oficial,9,145,6
Sant Andreu---Bon viure---Convivència i seguretat,17,388,25
Sant Andreu---Bon viure---Convivència i seguretat---ciutadà,7,232,19
Sant Andreu---Bon viure---Convivència i seguretat---trobada,5,18,0
Sant Andreu---Bon viure---Convivència i seguretat---oficial,4,125,6
Sant Andreu---Bon viure---Convivència i seguretat---organització,1,13,0
Sant Andreu---Bon viure---Cultura,28,263,47
Sant Andreu---Bon viure---Cultura---ciutadà,3,63,12
Sant Andreu---Bon viure---Cultura---trobada,16,17,0
Sant Andreu---Bon viure---Cultura---oficial,8,134,24
Sant Andreu---Bon viure---Cultura---organització,1,49,11
Sant Andreu---Bon viure---Educació i coneixement,59,1980,180
Sant Andreu---Bon viure---Educació i coneixement---ciutadà,6,382,33
Sant Andreu---Bon viure---Educació i coneixement---trobada,35,335,50
Sant Andreu---Bon viure---Educació i coneixement---oficial,17,827,45
Sant Andreu---Bon viure---Educació i coneixement---organització,1,436,52
Sant Andreu---Bon viure---Equitat de gènere i diversitat sexual,3,90,4
Sant Andreu---Bon viure---Equitat de gènere i diversitat sexual---oficial,3,90,4
Sant Andreu---Bon viure---Esports,56,600,98
Sant Andreu---Bon viure---Esports---ciutadà,7,134,14
Sant Andreu---Bon viure---Esports---trobada,39,54,6
Sant Andreu---Bon viure---Esports---oficial,2,29,50
Sant Andreu---Bon viure---Esports---organització,8,383,28
Sant Andreu---Bon viure---Habitatge,11,246,9
Sant Andreu---Bon viure---Habitatge---ciutadà,6,122,3
Sant Andreu---Bon viure---Habitatge---trobada,1,7,0
Sant Andreu---Bon viure---Habitatge---oficial,4,117,6
Sant Andreu---Bon viure---Justícia social,6,106,3
Sant Andreu---Bon viure---Justícia social---ciutadà,2,17,1
Sant Andreu---Bon viure---Justícia social---oficial,4,89,2
Sant Andreu---Bon viure---Migració, interculturalitat i discriminació zero,3,56,0
Sant Andreu---Bon viure---Migració, interculturalitat i discriminació zero---oficial,3,56,0
Sant Andreu---Bon viure---Sanitat i salut,11,162,21
Sant Andreu---Bon viure---Sanitat i salut---ciutadà,1,61,4
Sant Andreu---Bon viure---Sanitat i salut---trobada,7,37,5
Sant Andreu---Bon viure---Sanitat i salut---oficial,3,64,12
Sant Andreu---Economia plural,43,440,48
Sant Andreu---Economia plural---Desenvolupament i economia de proximitat,28,219,29
Sant Andreu---Economia plural---Desenvolupament i economia de proximitat---ciutadà,1,1,1
Sant Andreu---Economia plural---Desenvolupament i economia de proximitat---trobada,18,79,4
Sant Andreu---Economia plural---Desenvolupament i economia de proximitat---oficial,8,126,24
Sant Andreu---Economia plural---Desenvolupament i economia de proximitat---organització,1,13,0
Sant Andreu---Economia plural---Economia cooperativa, social i solidària,3,48,1
Sant Andreu---Economia plural---Economia cooperativa, social i solidària---oficial,3,48,1
Sant Andreu---Economia plural---Ocupació de qualitat,6,93,7
Sant Andreu---Economia plural---Ocupació de qualitat---ciutadà,3,47,4
Sant Andreu---Economia plural---Ocupació de qualitat---oficial,3,46,3
Sant Andreu---Economia plural---Turisme sostenible,5,60,11
Sant Andreu---Economia plural---Turisme sostenible---ciutadà,1,5,4
Sant Andreu---Economia plural---Turisme sostenible---trobada,1,6,0
Sant Andreu---Economia plural---Turisme sostenible---oficial,3,49,7
Sant Andreu---Economia plural---Un nou lideratge públic,1,20,0
Sant Andreu---Economia plural---Un nou lideratge públic---oficial,1,20,0
Sant Andreu---Justícia global,1,69,1
Sant Andreu---Justícia global---Ciutat d’acollida,1,69,1
Sant Andreu---Justícia global---Ciutat d’acollida---oficial,1,69,1
Sant Andreu---Transició ecològica,190,2241,235
Sant Andreu---Transició ecològica---Energia i canvi climàtic,9,109,5
Sant Andreu---Transició ecològica---Energia i canvi climàtic---ciutadà,2,11,2
Sant Andreu---Transició ecològica---Energia i canvi climàtic---trobada,2,2,0
Sant Andreu---Transició ecològica---Energia i canvi climàtic---oficial,5,96,3
Sant Andreu---Transició ecològica---Medi ambient i espai públic,39,389,41
Sant Andreu---Transició ecològica---Medi ambient i espai públic---ciutadà,4,53,0
Sant Andreu---Transició ecològica---Medi ambient i espai públic---trobada,30,131,6
Sant Andreu---Transició ecològica---Medi ambient i espai públic---oficial,5,205,35
Sant Andreu---Transició ecològica---Mobilitat sostenible,68,762,105
Sant Andreu---Transició ecològica---Mobilitat sostenible---ciutadà,17,300,17
Sant Andreu---Transició ecològica---Mobilitat sostenible---trobada,44,200,26
Sant Andreu---Transició ecològica---Mobilitat sostenible---oficial,6,243,62
Sant Andreu---Transició ecològica---Mobilitat sostenible---organització,1,19,0
Sant Andreu---Transició ecològica---Urbanisme per als barris,63,843,73
Sant Andreu---Transició ecològica---Urbanisme per als barris---ciutadà,24,484,36
Sant Andreu---Transició ecològica---Urbanisme per als barris---trobada,24,66,21
Sant Andreu---Transició ecològica---Urbanisme per als barris---oficial,7,155,5
Sant Andreu---Transició ecològica---Urbanisme per als barris---organització,8,138,11
Sant Andreu---Transició ecològica---Verd urbà i biodiversitat,11,138,11
Sant Andreu---Transició ecològica---Verd urbà i biodiversitat---ciutadà,3,86,4
Sant Andreu---Transició ecològica---Verd urbà i biodiversitat---trobada,7,27,1
Sant Andreu---Transició ecològica---Verd urbà i biodiversitat---oficial,1,25,6
Sant Martí,819,12764,1212
Sant Martí---Bon govern,60,347,65
Sant Martí---Bon govern---Acció comunitària,32,148,39
Sant Martí---Bon govern---Acció comunitària---ciutadà,5,35,10
Sant Martí---Bon govern---Acció comunitària---trobada,22,40,25
Sant Martí---Bon govern---Acció comunitària---oficial,4,67,4
Sant Martí---Bon govern---Acció comunitària---organització,1,6,0
Sant Martí---Bon govern---Govern transparent i rendició de comptes,5,104,4
Sant Martí---Bon govern---Govern transparent i rendició de comptes---ciutadà,2,58,3
Sant Martí---Bon govern---Govern transparent i rendició de comptes---trobada,1,3,0
Sant Martí---Bon govern---Govern transparent i rendició de comptes---oficial,2,43,1
Sant Martí---Bon govern---Participació ciutadana,23,95,22
Sant Martí---Bon govern---Participació ciutadana---ciutadà,8,50,3
Sant Martí---Bon govern---Participació ciutadana---trobada,14,18,10
Sant Martí---Bon govern---Participació ciutadana---oficial,1,27,9
Sant Martí---Bon viure,349,5743,471
Sant Martí---Bon viure---Autonomia personal i reconeixement de les cures,23,138,26
Sant Martí---Bon viure---Autonomia personal i reconeixement de les cures---ciutadà,3,39,1
Sant Martí---Bon viure---Autonomia personal i reconeixement de les cures---trobada,18,51,7
Sant Martí---Bon viure---Autonomia personal i reconeixement de les cures---oficial,2,48,18
Sant Martí---Bon viure---Cicles de vida,31,579,38
Sant Martí---Bon viure---Cicles de vida---ciutadà,22,228,23
Sant Martí---Bon viure---Cicles de vida---oficial,8,332,14
Sant Martí---Bon viure---Cicles de vida---organització,1,19,1
Sant Martí---Bon viure---Convivència i seguretat,58,424,68
Sant Martí---Bon viure---Convivència i seguretat---ciutadà,28,166,10
Sant Martí---Bon viure---Convivència i seguretat---trobada,23,124,29
Sant Martí---Bon viure---Convivència i seguretat---oficial,5,108,29
Sant Martí---Bon viure---Convivència i seguretat---organització,2,26,0
Sant Martí---Bon viure---Cultura,61,1213,114
Sant Martí---Bon viure---Cultura---ciutadà,22,649,45
Sant Martí---Bon viure---Cultura---trobada,28,119,6
Sant Martí---Bon viure---Cultura---oficial,7,252,46
Sant Martí---Bon viure---Cultura---organització,4,193,17
Sant Martí---Bon viure---Educació i coneixement,36,1032,70
Sant Martí---Bon viure---Educació i coneixement---ciutadà,18,518,59
Sant Martí---Bon viure---Educació i coneixement---trobada,4,9,2
Sant Martí---Bon viure---Educació i coneixement---oficial,11,454,6
Sant Martí---Bon viure---Educació i coneixement---organització,3,51,3
Sant Martí---Bon viure---Equitat de gènere i diversitat sexual,28,295,17
Sant Martí---Bon viure---Equitat de gènere i diversitat sexual---trobada,24,40,6
Sant Martí---Bon viure---Equitat de gènere i diversitat sexual---oficial,4,255,11
Sant Martí---Bon viure---Esports,20,551,51
Sant Martí---Bon viure---Esports---ciutadà,10,459,45
Sant Martí---Bon viure---Esports---trobada,7,46,1
Sant Martí---Bon viure---Esports---oficial,1,13,1
Sant Martí---Bon viure---Esports---organització,2,33,4
Sant Martí---Bon viure---Habitatge,24,724,30
Sant Martí---Bon viure---Habitatge---ciutadà,12,279,6
Sant Martí---Bon viure---Habitatge---trobada,5,12,0
Sant Martí---Bon viure---Habitatge---oficial,5,393,24
Sant Martí---Bon viure---Habitatge---organització,2,40,0
Sant Martí---Bon viure---Justícia social,8,153,4
Sant Martí---Bon viure---Justícia social---ciutadà,6,125,3
Sant Martí---Bon viure---Justícia social---oficial,2,28,1
Sant Martí---Bon viure---Migració, interculturalitat i discriminació zero,26,197,19
Sant Martí---Bon viure---Migració, interculturalitat i discriminació zero---ciutadà,1,0,0
Sant Martí---Bon viure---Migració, interculturalitat i discriminació zero---trobada,20,74,2
Sant Martí---Bon viure---Migració, interculturalitat i discriminació zero---oficial,5,123,17
Sant Martí---Bon viure---Sanitat i salut,34,437,34
Sant Martí---Bon viure---Sanitat i salut---ciutadà,9,173,11
Sant Martí---Bon viure---Sanitat i salut---trobada,20,143,6
Sant Martí---Bon viure---Sanitat i salut---oficial,3,70,16
Sant Martí---Bon viure---Sanitat i salut---organització,2,51,1
Sant Martí---Economia plural,78,907,97
Sant Martí---Economia plural---Desenvolupament i economia de proximitat,32,369,48
Sant Martí---Economia plural---Desenvolupament i economia de proximitat---ciutadà,16,146,11
Sant Martí---Economia plural---Desenvolupament i economia de proximitat---trobada,9,27,0
Sant Martí---Economia plural---Desenvolupament i economia de proximitat---oficial,5,178,34
Sant Martí---Economia plural---Desenvolupament i economia de proximitat---organització,2,18,3
Sant Martí---Economia plural---Economia cooperativa, social i solidària,20,252,20
Sant Martí---Economia plural---Economia cooperativa, social i solidària---ciutadà,5,74,0
Sant Martí---Economia plural---Economia cooperativa, social i solidària---trobada,8,10,0
Sant Martí---Economia plural---Economia cooperativa, social i solidària---oficial,6,153,20
Sant Martí---Economia plural---Economia cooperativa, social i solidària---organització,1,15,0
Sant Martí---Economia plural---Ocupació de qualitat,11,58,7
Sant Martí---Economia plural---Ocupació de qualitat---ciutadà,5,14,0
Sant Martí---Economia plural---Ocupació de qualitat---trobada,4,0,0
Sant Martí---Economia plural---Ocupació de qualitat---oficial,2,44,7
Sant Martí---Economia plural---Turisme sostenible,13,228,22
Sant Martí---Economia plural---Turisme sostenible---ciutadà,2,55,1
Sant Martí---Economia plural---Turisme sostenible---trobada,8,73,1
Sant Martí---Economia plural---Turisme sostenible---oficial,3,100,20
Sant Martí---Economia plural---Un nou lideratge públic,2,0,0
Sant Martí---Economia plural---Un nou lideratge públic---ciutadà,2,0,0
Sant Martí---Transició ecològica,332,5767,579
Sant Martí---Transició ecològica---Energia i canvi climàtic,11,180,7
Sant Martí---Transició ecològica---Energia i canvi climàtic---ciutadà,6,78,4
Sant Martí---Transició ecològica---Energia i canvi climàtic---trobada,1,6,0
Sant Martí---Transició ecològica---Energia i canvi climàtic---oficial,2,62,2
Sant Martí---Transició ecològica---Energia i canvi climàtic---organització,2,34,1
Sant Martí---Transició ecològica---Medi ambient i espai públic,47,525,90
Sant Martí---Transició ecològica---Medi ambient i espai públic---ciutadà,37,322,45
Sant Martí---Transició ecològica---Medi ambient i espai públic---trobada,6,27,2
Sant Martí---Transició ecològica---Medi ambient i espai públic---oficial,3,150,43
Sant Martí---Transició ecològica---Medi ambient i espai públic---organització,1,26,0
Sant Martí---Transició ecològica---Mobilitat sostenible,83,1859,174
Sant Martí---Transició ecològica---Mobilitat sostenible---ciutadà,58,1194,91
Sant Martí---Transició ecològica---Mobilitat sostenible---trobada,16,75,28
Sant Martí---Transició ecològica---Mobilitat sostenible---oficial,5,545,45
Sant Martí---Transició ecològica---Mobilitat sostenible---organització,4,45,10
Sant Martí---Transició ecològica---Urbanisme per als barris,149,2174,234
Sant Martí---Transició ecològica---Urbanisme per als barris---ciutadà,98,1489,163
Sant Martí---Transició ecològica---Urbanisme per als barris---trobada,25,83,29
Sant Martí---Transició ecològica---Urbanisme per als barris---oficial,12,277,17
Sant Martí---Transició ecològica---Urbanisme per als barris---organització,14,325,25
Sant Martí---Transició ecològica---Verd urbà i biodiversitat,42,1029,74
Sant Martí---Transició ecològica---Verd urbà i biodiversitat---ciutadà,25,374,30
Sant Martí---Transició ecològica---Verd urbà i biodiversitat---trobada,12,59,21
Sant Martí---Transició ecològica---Verd urbà i biodiversitat---oficial,3,543,18
Sant Martí---Transició ecològica---Verd urbà i biodiversitat---organització,2,53,5
Sants Montjuïc,676,8784,894
Sants Montjuïc---Bon govern,61,386,59
Sants Montjuïc---Bon govern---Acció comunitària,19,102,20
Sants Montjuïc---Bon govern---Acció comunitària---ciutadà,13,47,17
Sants Montjuïc---Bon govern---Acció comunitària---trobada,3,17,2
Sants Montjuïc---Bon govern---Acció comunitària---oficial,1,25,1
Sants Montjuïc---Bon govern---Acció comunitària---organització,2,13,0
Sants Montjuïc---Bon govern---Administració intel·ligent i inclusiva,2,18,1
Sants Montjuïc---Bon govern---Administració intel·ligent i inclusiva---ciutadà,1,7,0
Sants Montjuïc---Bon govern---Administració intel·ligent i inclusiva---organització,1,11,1
Sants Montjuïc---Bon govern---Eficiència i professionalitat,2,11,0
Sants Montjuïc---Bon govern---Eficiència i professionalitat---trobada,2,11,0
Sants Montjuïc---Bon govern---Govern transparent i rendició de comptes,11,66,10
Sants Montjuïc---Bon govern---Govern transparent i rendició de comptes---ciutadà,9,48,9
Sants Montjuïc---Bon govern---Govern transparent i rendició de comptes---oficial,1,17,0
Sants Montjuïc---Bon govern---Govern transparent i rendició de comptes---organització,1,1,1
Sants Montjuïc---Bon govern---Participació ciutadana,27,189,28
Sants Montjuïc---Bon govern---Participació ciutadana---ciutadà,14,47,15
Sants Montjuïc---Bon govern---Participació ciutadana---trobada,4,12,6
Sants Montjuïc---Bon govern---Participació ciutadana---oficial,3,68,0
Sants Montjuïc---Bon govern---Participació ciutadana---organització,6,62,7
Sants Montjuïc---Bon viure,289,3392,335
Sants Montjuïc---Bon viure---Autonomia personal i reconeixement de les cures,15,94,20
Sants Montjuïc---Bon viure---Autonomia personal i reconeixement de les cures---ciutadà,8,54,4
Sants Montjuïc---Bon viure---Autonomia personal i reconeixement de les cures---trobada,5,17,1
Sants Montjuïc---Bon viure---Autonomia personal i reconeixement de les cures---oficial,2,23,15
Sants Montjuïc---Bon viure---Cicles de vida,31,259,24
Sants Montjuïc---Bon viure---Cicles de vida---ciutadà,7,49,7
Sants Montjuïc---Bon viure---Cicles de vida---trobada,17,73,9
Sants Montjuïc---Bon viure---Cicles de vida---oficial,5,111,8
Sants Montjuïc---Bon viure---Cicles de vida---organització,2,26,0
Sants Montjuïc---Bon viure---Convivència i seguretat,38,442,34
Sants Montjuïc---Bon viure---Convivència i seguretat---ciutadà,28,265,17
Sants Montjuïc---Bon viure---Convivència i seguretat---trobada,3,29,2
Sants Montjuïc---Bon viure---Convivència i seguretat---oficial,2,101,15
Sants Montjuïc---Bon viure---Convivència i seguretat---organització,5,47,0
Sants Montjuïc---Bon viure---Cultura,61,755,64
Sants Montjuïc---Bon viure---Cultura---ciutadà,30,499,20
Sants Montjuïc---Bon viure---Cultura---trobada,22,96,1
Sants Montjuïc---Bon viure---Cultura---oficial,7,129,32
Sants Montjuïc---Bon viure---Cultura---organització,2,31,11
Sants Montjuïc---Bon viure---Defensa i protecció dels Drets Humans,2,12,1
Sants Montjuïc---Bon viure---Defensa i protecció dels Drets Humans---ciutadà,2,12,1
Sants Montjuïc---Bon viure---Educació i coneixement,43,609,45
Sants Montjuïc---Bon viure---Educació i coneixement---ciutadà,14,160,18
Sants Montjuïc---Bon viure---Educació i coneixement---trobada,22,298,19
Sants Montjuïc---Bon viure---Educació i coneixement---oficial,6,134,4
Sants Montjuïc---Bon viure---Educació i coneixement---organització,1,17,4
Sants Montjuïc---Bon viure---Equitat de gènere i diversitat sexual,8,76,1
Sants Montjuïc---Bon viure---Equitat de gènere i diversitat sexual---ciutadà,4,33,0
Sants Montjuïc---Bon viure---Equitat de gènere i diversitat sexual---trobada,2,7,1
Sants Montjuïc---Bon viure---Equitat de gènere i diversitat sexual---oficial,2,36,0
Sants Montjuïc---Bon viure---Esports,35,538,96
Sants Montjuïc---Bon viure---Esports---ciutadà,10,277,16
Sants Montjuïc---Bon viure---Esports---trobada,21,163,10
Sants Montjuïc---Bon viure---Esports---oficial,3,77,54
Sants Montjuïc---Bon viure---Esports---organització,1,21,16
Sants Montjuïc---Bon viure---Habitatge,14,254,15
Sants Montjuïc---Bon viure---Habitatge---ciutadà,4,109,5
Sants Montjuïc---Bon viure---Habitatge---trobada,4,30,1
Sants Montjuïc---Bon viure---Habitatge---oficial,5,104,9
Sants Montjuïc---Bon viure---Habitatge---organització,1,11,0
Sants Montjuïc---Bon viure---Justícia social,9,84,7
Sants Montjuïc---Bon viure---Justícia social---ciutadà,2,11,2
Sants Montjuïc---Bon viure---Justícia social---trobada,4,17,4
Sants Montjuïc---Bon viure---Justícia social---oficial,1,19,1
Sants Montjuïc---Bon viure---Justícia social---organització,2,37,0
Sants Montjuïc---Bon viure---Migració, interculturalitat i discriminació zero,18,142,17
Sants Montjuïc---Bon viure---Migració, interculturalitat i discriminació zero---ciutadà,4,28,1
Sants Montjuïc---Bon viure---Migració, interculturalitat i discriminació zero---trobada,10,55,3
Sants Montjuïc---Bon viure---Migració, interculturalitat i discriminació zero---oficial,4,59,13
Sants Montjuïc---Bon viure---Sanitat i salut,15,127,11
Sants Montjuïc---Bon viure---Sanitat i salut---ciutadà,8,25,3
Sants Montjuïc---Bon viure---Sanitat i salut---trobada,5,26,2
Sants Montjuïc---Bon viure---Sanitat i salut---oficial,2,76,6
Sants Montjuïc---Economia plural,67,448,52
Sants Montjuïc---Economia plural---Desenvolupament i economia de proximitat,24,184,23
Sants Montjuïc---Economia plural---Desenvolupament i economia de proximitat---ciutadà,13,61,4
Sants Montjuïc---Economia plural---Desenvolupament i economia de proximitat---trobada,5,21,3
Sants Montjuïc---Economia plural---Desenvolupament i economia de proximitat---oficial,6,102,16
Sants Montjuïc---Economia plural---Economia cooperativa, social i solidària,20,126,24
Sants Montjuïc---Economia plural---Economia cooperativa, social i solidària---ciutadà,8,37,0
Sants Montjuïc---Economia plural---Economia cooperativa, social i solidària---trobada,7,26,4
Sants Montjuïc---Economia plural---Economia cooperativa, social i solidària---oficial,5,63,20
Sants Montjuïc---Economia plural---Ocupació de qualitat,9,36,1
Sants Montjuïc---Economia plural---Ocupació de qualitat---ciutadà,4,24,0
Sants Montjuïc---Economia plural---Ocupació de qualitat---trobada,5,12,1
Sants Montjuïc---Economia plural---Turisme sostenible,12,75,2
Sants Montjuïc---Economia plural---Turisme sostenible---ciutadà,10,46,2
Sants Montjuïc---Economia plural---Turisme sostenible---oficial,2,29,0
Sants Montjuïc---Economia plural---Un nou lideratge públic,2,27,2
Sants Montjuïc---Economia plural---Un nou lideratge públic---ciutadà,1,3,0
Sants Montjuïc---Economia plural---Un nou lideratge públic---oficial,1,24,2
Sants Montjuïc---Justícia global,1,15,1
Sants Montjuïc---Justícia global---Ciutat d’acollida,1,15,1
Sants Montjuïc---Justícia global---Ciutat d’acollida---trobada,1,15,1
Sants Montjuïc---Transició ecològica,258,4543,447
Sants Montjuïc---Transició ecològica---Energia i canvi climàtic,9,207,12
Sants Montjuïc---Transició ecològica---Energia i canvi climàtic---ciutadà,9,207,12
Sants Montjuïc---Transició ecològica---Medi ambient i espai públic,31,307,31
Sants Montjuïc---Transició ecològica---Medi ambient i espai públic---ciutadà,22,251,29
Sants Montjuïc---Transició ecològica---Medi ambient i espai públic---trobada,6,15,1
Sants Montjuïc---Transició ecològica---Medi ambient i espai públic---organització,3,41,1
Sants Montjuïc---Transició ecològica---Mobilitat sostenible,101,2224,206
Sants Montjuïc---Transició ecològica---Mobilitat sostenible---ciutadà,75,1126,93
Sants Montjuïc---Transició ecològica---Mobilitat sostenible---trobada,16,111,5
Sants Montjuïc---Transició ecològica---Mobilitat sostenible---oficial,8,955,101
Sants Montjuïc---Transició ecològica---Mobilitat sostenible---organització,2,32,7
Sants Montjuïc---Transició ecològica---Urbanisme per als barris,79,1142,130
Sants Montjuïc---Transició ecològica---Urbanisme per als barris---ciutadà,48,603,92
Sants Montjuïc---Transició ecològica---Urbanisme per als barris---trobada,10,48,10
Sants Montjuïc---Transició ecològica---Urbanisme per als barris---oficial,9,334,17
Sants Montjuïc---Transició ecològica---Urbanisme per als barris---organització,12,157,11
Sants Montjuïc---Transició ecològica---Verd urbà i biodiversitat,38,663,68
Sants Montjuïc---Transició ecològica---Verd urbà i biodiversitat---ciutadà,26,409,35
Sants Montjuïc---Transició ecològica---Verd urbà i biodiversitat---trobada,6,25,28
Sants Montjuïc---Transició ecològica---Verd urbà i biodiversitat---oficial,5,211,5
Sants Montjuïc---Transició ecològica---Verd urbà i biodiversitat---organització,1,18,0
Sarrià-Sant Gervasi,465,6656,644
Sarrià-Sant Gervasi---Bon govern,36,181,34
Sarrià-Sant Gervasi---Bon govern---Acció comunitària,22,50,15
Sarrià-Sant Gervasi---Bon govern---Acció comunitària---ciutadà,5,9,4
Sarrià-Sant Gervasi---Bon govern---Acció comunitària---trobada,14,11,11
Sarrià-Sant Gervasi---Bon govern---Acció comunitària---oficial,3,30,0
Sarrià-Sant Gervasi---Bon govern---Administració intel·ligent i inclusiva,2,14,0
Sarrià-Sant Gervasi---Bon govern---Administració intel·ligent i inclusiva---trobada,1,3,0
Sarrià-Sant Gervasi---Bon govern---Administració intel·ligent i inclusiva---oficial,1,11,0
Sarrià-Sant Gervasi---Bon govern---Eficiència i professionalitat,1,0,0
Sarrià-Sant Gervasi---Bon govern---Eficiència i professionalitat---trobada,1,0,0
Sarrià-Sant Gervasi---Bon govern---Govern transparent i rendició de comptes,5,59,9
Sarrià-Sant Gervasi---Bon govern---Govern transparent i rendició de comptes---trobada,1,1,0
Sarrià-Sant Gervasi---Bon govern---Govern transparent i rendició de comptes---oficial,4,58,9
Sarrià-Sant Gervasi---Bon govern---Participació ciutadana,6,58,10
Sarrià-Sant Gervasi---Bon govern---Participació ciutadana---ciutadà,2,31,2
Sarrià-Sant Gervasi---Bon govern---Participació ciutadana---trobada,3,1,2
Sarrià-Sant Gervasi---Bon govern---Participació ciutadana---oficial,1,26,6
Sarrià-Sant Gervasi---Bon viure,168,2820,191
Sarrià-Sant Gervasi---Bon viure---Autonomia personal i reconeixement de les cures,16,145,9
Sarrià-Sant Gervasi---Bon viure---Autonomia personal i reconeixement de les cures---ciutadà,8,50,5
Sarrià-Sant Gervasi---Bon viure---Autonomia personal i reconeixement de les cures---trobada,5,28,3
Sarrià-Sant Gervasi---Bon viure---Autonomia personal i reconeixement de les cures---oficial,2,60,1
Sarrià-Sant Gervasi---Bon viure---Autonomia personal i reconeixement de les cures---organització,1,7,0
Sarrià-Sant Gervasi---Bon viure---Cicles de vida,23,261,28
Sarrià-Sant Gervasi---Bon viure---Cicles de vida---ciutadà,4,24,2
Sarrià-Sant Gervasi---Bon viure---Cicles de vida---trobada,10,77,11
Sarrià-Sant Gervasi---Bon viure---Cicles de vida---oficial,9,160,15
Sarrià-Sant Gervasi---Bon viure---Convivència i seguretat,24,203,37
Sarrià-Sant Gervasi---Bon viure---Convivència i seguretat---ciutadà,6,81,14
Sarrià-Sant Gervasi---Bon viure---Convivència i seguretat---trobada,12,38,4
Sarrià-Sant Gervasi---Bon viure---Convivència i seguretat---oficial,4,78,19
Sarrià-Sant Gervasi---Bon viure---Convivència i seguretat---organització,2,6,0
Sarrià-Sant Gervasi---Bon viure---Cultura,23,699,33
Sarrià-Sant Gervasi---Bon viure---Cultura---ciutadà,5,62,5
Sarrià-Sant Gervasi---Bon viure---Cultura---trobada,3,10,0
Sarrià-Sant Gervasi---Bon viure---Cultura---oficial,10,542,25
Sarrià-Sant Gervasi---Bon viure---Cultura---organització,5,85,3
Sarrià-Sant Gervasi---Bon viure---Educació i coneixement,26,329,29
Sarrià-Sant Gervasi---Bon viure---Educació i coneixement---ciutadà,6,128,14
Sarrià-Sant Gervasi---Bon viure---Educació i coneixement---trobada,15,39,11
Sarrià-Sant Gervasi---Bon viure---Educació i coneixement---oficial,4,104,0
Sarrià-Sant Gervasi---Bon viure---Educació i coneixement---organització,1,58,4
Sarrià-Sant Gervasi---Bon viure---Equitat de gènere i diversitat sexual,12,250,3
Sarrià-Sant Gervasi---Bon viure---Equitat de gènere i diversitat sexual---trobada,1,2,0
Sarrià-Sant Gervasi---Bon viure---Equitat de gènere i diversitat sexual---oficial,11,248,3
Sarrià-Sant Gervasi---Bon viure---Esports,7,76,6
Sarrià-Sant Gervasi---Bon viure---Esports---ciutadà,3,30,3
Sarrià-Sant Gervasi---Bon viure---Esports---trobada,2,25,1
Sarrià-Sant Gervasi---Bon viure---Esports---oficial,2,21,2
Sarrià-Sant Gervasi---Bon viure---Habitatge,9,77,13
Sarrià-Sant Gervasi---Bon viure---Habitatge---ciutadà,1,4,2
Sarrià-Sant Gervasi---Bon viure---Habitatge---trobada,7,49,9
Sarrià-Sant Gervasi---Bon viure---Habitatge---oficial,1,24,2
Sarrià-Sant Gervasi---Bon viure---Justícia social,9,530,13
Sarrià-Sant Gervasi---Bon viure---Justícia social---trobada,5,25,2
Sarrià-Sant Gervasi---Bon viure---Justícia social---oficial,4,505,11
Sarrià-Sant Gervasi---Bon viure---Migració, interculturalitat i discriminació zero,4,52,3
Sarrià-Sant Gervasi---Bon viure---Migració, interculturalitat i discriminació zero---trobada,1,10,1
Sarrià-Sant Gervasi---Bon viure---Migració, interculturalitat i discriminació zero---oficial,3,42,2
Sarrià-Sant Gervasi---Bon viure---Sanitat i salut,15,198,17
Sarrià-Sant Gervasi---Bon viure---Sanitat i salut---trobada,12,155,11
Sarrià-Sant Gervasi---Bon viure---Sanitat i salut---oficial,2,34,6
Sarrià-Sant Gervasi---Bon viure---Sanitat i salut---organització,1,9,0
Sarrià-Sant Gervasi---Economia plural,31,241,22
Sarrià-Sant Gervasi---Economia plural---Desenvolupament i economia de proximitat,20,143,16
Sarrià-Sant Gervasi---Economia plural---Desenvolupament i economia de proximitat---ciutadà,1,2,0
Sarrià-Sant Gervasi---Economia plural---Desenvolupament i economia de proximitat---trobada,13,36,2
Sarrià-Sant Gervasi---Economia plural---Desenvolupament i economia de proximitat---oficial,5,103,14
Sarrià-Sant Gervasi---Economia plural---Desenvolupament i economia de proximitat---organització,1,2,0
Sarrià-Sant Gervasi---Economia plural---Economia cooperativa, social i solidària,4,21,0
Sarrià-Sant Gervasi---Economia plural---Economia cooperativa, social i solidària---trobada,3,10,0
Sarrià-Sant Gervasi---Economia plural---Economia cooperativa, social i solidària---oficial,1,11,0
Sarrià-Sant Gervasi---Economia plural---Ocupació de qualitat,2,21,1
Sarrià-Sant Gervasi---Economia plural---Ocupació de qualitat---trobada,1,4,0
Sarrià-Sant Gervasi---Economia plural---Ocupació de qualitat---oficial,1,17,1
Sarrià-Sant Gervasi---Economia plural---Turisme sostenible,4,32,3
Sarrià-Sant Gervasi---Economia plural---Turisme sostenible---trobada,2,2,0
Sarrià-Sant Gervasi---Economia plural---Turisme sostenible---oficial,2,30,3
Sarrià-Sant Gervasi---Economia plural---Un nou lideratge públic,1,24,2
Sarrià-Sant Gervasi---Economia plural---Un nou lideratge públic---oficial,1,24,2
Sarrià-Sant Gervasi---Justícia global,6,55,9
Sarrià-Sant Gervasi---Justícia global---Ciutat d’acollida,4,43,7
Sarrià-Sant Gervasi---Justícia global---Ciutat d’acollida---trobada,3,20,7
Sarrià-Sant Gervasi---Justícia global---Ciutat d’acollida---oficial,1,23,0
Sarrià-Sant Gervasi---Justícia global---Justícia global,2,12,2
Sarrià-Sant Gervasi---Justícia global---Justícia global---trobada,1,5,2
Sarrià-Sant Gervasi---Justícia global---Justícia global---oficial,1,7,0
Sarrià-Sant Gervasi---Transició ecològica,224,3359,388
Sarrià-Sant Gervasi---Transició ecològica---Energia i canvi climàtic,12,305,19
Sarrià-Sant Gervasi---Transició ecològica---Energia i canvi climàtic---ciutadà,4,81,5
Sarrià-Sant Gervasi---Transició ecològica---Energia i canvi climàtic---trobada,3,14,5
Sarrià-Sant Gervasi---Transició ecològica---Energia i canvi climàtic---oficial,5,210,9
Sarrià-Sant Gervasi---Transició ecològica---Medi ambient i espai públic,34,596,44
Sarrià-Sant Gervasi---Transició ecològica---Medi ambient i espai públic---ciutadà,11,72,10
Sarrià-Sant Gervasi---Transició ecològica---Medi ambient i espai públic---trobada,9,39,17
Sarrià-Sant Gervasi---Transició ecològica---Medi ambient i espai públic---oficial,9,366,16
Sarrià-Sant Gervasi---Transició ecològica---Medi ambient i espai públic---organització,5,119,1
Sarrià-Sant Gervasi---Transició ecològica---Mobilitat sostenible,89,1421,168
Sarrià-Sant Gervasi---Transició ecològica---Mobilitat sostenible---ciutadà,38,411,74
Sarrià-Sant Gervasi---Transició ecològica---Mobilitat sostenible---trobada,37,290,49
Sarrià-Sant Gervasi---Transició ecològica---Mobilitat sostenible---oficial,6,383,25
Sarrià-Sant Gervasi---Transició ecològica---Mobilitat sostenible---organització,8,337,20
Sarrià-Sant Gervasi---Transició ecològica---Urbanisme per als barris,65,820,124
Sarrià-Sant Gervasi---Transició ecològica---Urbanisme per als barris---ciutadà,48,493,75
Sarrià-Sant Gervasi---Transició ecològica---Urbanisme per als barris---trobada,9,35,17
Sarrià-Sant Gervasi---Transició ecològica---Urbanisme per als barris---oficial,1,32,0
Sarrià-Sant Gervasi---Transició ecològica---Urbanisme per als barris---organització,7,260,32
Sarrià-Sant Gervasi---Transició ecològica---Verd urbà i biodiversitat,24,217,33
Sarrià-Sant Gervasi---Transició ecològica---Verd urbà i biodiversitat---ciutadà,8,165,8
Sarrià-Sant Gervasi---Transició ecològica---Verd urbà i biodiversitat---trobada,16,52,25
